site_id,stream_id,point_class,equipment_label,location_label,raw_archive,raw_member_name,raw_n_points,raw_first_timestamp,raw_last_timestamp,scenario_ids
BTS_A,0004d23a_b71f_4122_a2fa_30c5bd84537b,Mode_Status,BTS_A Fcu 086,nan,Site_Aaa.zip,Site_Aaa/2188.pickle,153680.0,2021-01-01T00:02:43.762000+00:00,2023-12-31T23:50:00.737000+00:00,train_point_disambiguation_00001
BTS_A,002ea032_e573_429c_9b8b_5ed201721197,Thermal_Power_Sensor,BTS_A Fcu 088,nan,Site_Aaa.zip,Site_Aaa/4148.pickle,153756.0,2021-01-01T00:02:03.770000+00:00,2023-12-31T23:59:36.533000+00:00,train_day_mean_lookup_00001;train_day_mean_lookup_00006;train_day_mean_lookup_00010;train_day_mean_lookup_00012;train_relative_24h_mean_lookup_00001;train_relative_24h_mean_lookup_00006;train_relative_24h_mean_lookup_00010;train_relative_24h_mean_lookup_00012;train_window_mean_lookup_00001
BTS_C,003e13e3_ab28_4472_998b_8fadac91974e,Time_Parameter,BTS_C Location 017,nan,Site_Caa.zip,Site_Caa/4356.pickle,175767.0,2020-05-22T00:23:03.029000+00:00,2024-01-18T02:51:27.443000+00:00,test_point_disambiguation_00059
BTS_A,0044bdfe_23f9_4b64_926b_7f79f1ee94a6,Air_Flow_Sensor,BTS_A Damper 087,nan,Site_Aaa.zip,Site_Aaa/3479.pickle,153683.0,2021-01-01T00:02:21.094000+00:00,2023-12-31T23:59:50.870000+00:00,dev_day_mean_lookup_00022;dev_relative_24h_mean_lookup_00022;train_day_mean_lookup_00015;train_day_mean_lookup_00019;train_day_mean_lookup_00024;train_quality_gate_00001;train_quality_gate_00002;train_quality_gate_00004;train_quality_gate_00006;train_quality_gate_00008;train_relative_24h_mean_lookup_00016;train_relative_24h_mean_lookup_00020;train_relative_24h_mean_lookup_00024;train_timestamp_nearest_lookup_00001;train_timestamp_value_lookup_00001;train_window_mean_lookup_00005
BTS_A,007c8696_8271_4530_9df6_905daeda3cec,Frequency_Sensor,BTS_A Exhaust Fan 019,nan,Site_Aaa.zip,Site_Aaa/176.pickle,153892.0,2021-01-01T00:01:14.911000+00:00,2023-12-31T23:58:55.986000+00:00,dev_day_mean_lookup_00028;train_day_mean_lookup_00030;train_day_mean_lookup_00032;train_day_mean_lookup_00034;train_relative_24h_mean_lookup_00029;train_relative_24h_mean_lookup_00030;train_relative_24h_mean_lookup_00033;train_relative_24h_mean_lookup_00034;train_window_mean_lookup_00008
BTS_B,00c9657d_ed65_4700_bee6_45bcb992175a,Min_Discharge_Air_Temperature_Setpoint_Limit,BTS_B Fan Coil Unit 002,BTS_B Conference Room 010,Site_Baa.zip,Site_Baa/460.pickle,144538.0,2021-01-01T00:03:12.376000+00:00,2023-12-31T23:51:59.761000+00:00,dev_day_mean_lookup_00009;dev_relative_24h_mean_lookup_00007;train_day_mean_lookup_00002;train_day_mean_lookup_00007;train_day_mean_lookup_00011;train_relative_24h_mean_lookup_00002;train_relative_24h_mean_lookup_00005;train_relative_24h_mean_lookup_00011;train_window_mean_lookup_00002
BTS_B,00fc1fb0_41ba_4bb7_a570_9028d0bd451f,Damper_Position_Sensor,BTS_B Outside Damper 002,nan,Site_Baa.zip,Site_Baa/327.pickle,145284.0,2021-01-01T00:03:09.245000+00:00,2023-12-31T23:51:54.904000+00:00,dev_day_mean_lookup_00014;dev_relative_24h_mean_lookup_00014;train_day_mean_lookup_00013;train_day_mean_lookup_00016;train_day_mean_lookup_00021;train_relative_24h_mean_lookup_00013;train_relative_24h_mean_lookup_00015;train_relative_24h_mean_lookup_00017;train_timestamp_nearest_lookup_00023;train_timestamp_value_lookup_00023;train_window_mean_lookup_00004
BTS_A,0148b1e4_cdca_49b9_98b9_00cf6a2d01b8,Peak_Power_Demand_Sensor,BTS_A Electrical Meter 018,nan,Site_Aaa.zip,Site_Aaa/447.pickle,112699.0,2021-01-01T00:14:07.394000+00:00,2023-12-31T23:50:58.653000+00:00,dev_day_mean_lookup_00040;dev_relative_24h_mean_lookup_00040;train_day_mean_lookup_00039;train_day_mean_lookup_00041;train_day_mean_lookup_00042;train_relative_24h_mean_lookup_00039;train_relative_24h_mean_lookup_00041;train_relative_24h_mean_lookup_00042;train_window_mean_lookup_00011
BTS_C,01502608_a410_40a9_8795_0dd865515053,Electrical_Power_Sensor,BTS_C Supply Fan 035,nan,Site_Caa.zip,Site_Caa/4182.pickle,182992.0,2020-05-22T00:16:30.430000+00:00,2024-01-18T08:11:13.141000+00:00,test_day_mean_lookup_00003;test_day_mean_lookup_00004;test_day_mean_lookup_00005;test_day_mean_lookup_00008;test_relative_24h_mean_lookup_00003;test_relative_24h_mean_lookup_00004;test_relative_24h_mean_lookup_00008;test_relative_24h_mean_lookup_00009;test_window_mean_lookup_00003
BTS_A,01b54fef_c8c5_4441_95c5_75325e823584,Frequency_Sensor,BTS_A Exhaust Fan 007,nan,Site_Aaa.zip,Site_Aaa/856.pickle,154076.0,2021-01-01T00:10:02.701000+00:00,2023-12-31T23:57:57.379000+00:00,dev_day_mean_lookup_00045;dev_relative_24h_mean_lookup_00045;train_day_mean_lookup_00043;train_day_mean_lookup_00044;train_day_mean_lookup_00047;train_relative_24h_mean_lookup_00043;train_relative_24h_mean_lookup_00044;train_relative_24h_mean_lookup_00047;train_window_mean_lookup_00013
BTS_A,01cb9323_87c5_46fa_a5eb_aaa67eece787,Supply_Air_Temperature_Setpoint,BTS_A Supply Fan 002,nan,Site_Aaa.zip,Site_Aaa/1931.pickle,154044.0,2021-01-01T00:00:04.173000+00:00,2023-12-31T23:58:01.509000+00:00,dev_day_mean_lookup_00055;train_day_mean_lookup_00051;train_day_mean_lookup_00052;train_day_mean_lookup_00053;train_relative_24h_mean_lookup_00051;train_relative_24h_mean_lookup_00052;train_relative_24h_mean_lookup_00053;train_relative_24h_mean_lookup_00056;train_window_mean_lookup_00016
BTS_A,01f02939_6d74_424c_8e15_db7cf63e5eff,Mode_Status,BTS_A Fcu 039,nan,Site_Aaa.zip,Site_Aaa/2001.pickle,153535.0,2021-01-01T00:03:08.142000+00:00,2023-12-31T23:50:21.330000+00:00,train_point_disambiguation_00004
BTS_A,020a430f_6e32_43ab_8514_86d862619776,Zone_Air_Temperature_Sensor,BTS_A Fcu 055,nan,Site_Aaa.zip,Site_Aaa/667.pickle,153660.0,2021-01-01T00:02:46.305000+00:00,2023-12-31T23:50:03.139000+00:00,dev_day_mean_lookup_00060;dev_relative_24h_mean_lookup_00060;train_day_mean_lookup_00059;train_relative_24h_mean_lookup_00059;train_window_mean_lookup_00019
BTS_A,020e385e_6894_4d0a_bd9f_153972adbc83,Frequency_Sensor,BTS_A Electrical Meter 070,nan,Site_Aaa.zip,Site_Aaa/3290.pickle,121604.0,2021-01-01T00:14:03.498000+00:00,2023-12-31T23:50:55.441000+00:00,dev_window_mean_lookup_00022
BTS_C,0210a232_b351_48a6_9087_9ce9b530e27f,Air_Flow_Sensor,BTS_C Vav 020,nan,Site_Caa.zip,Site_Caa/3416.pickle,184522.0,2020-05-22T00:17:38.358000+00:00,2024-01-18T01:11:24.296000+00:00,test_day_mean_lookup_00017;test_day_mean_lookup_00018;test_day_mean_lookup_00020;test_day_mean_lookup_00023;test_point_disambiguation_00041;test_relative_24h_mean_lookup_00018;test_relative_24h_mean_lookup_00019;test_relative_24h_mean_lookup_00021;test_relative_24h_mean_lookup_00023;test_timestamp_nearest_lookup_00053;test_timestamp_value_lookup_00053;test_window_mean_lookup_00006
BTS_B,021f5ffa_16bc_4efc_bedd_5eb04d8b3837,Air_Temperature_Sensor,BTS_B Fan Coil Unit 005,BTS_B Conference Room 011,Site_Baa.zip,Site_Baa/518.pickle,144203.0,2021-01-01T00:03:13.178000+00:00,2023-12-31T23:52:00.948000+00:00,dev_relative_24h_mean_lookup_00028;dev_window_mean_lookup_00007;train_day_mean_lookup_00025;train_day_mean_lookup_00026;train_day_mean_lookup_00027;train_day_mean_lookup_00029;train_point_disambiguation_00002;train_quality_gate_00032;train_quality_gate_00033;train_quality_gate_00035;train_quality_gate_00038;train_quality_gate_00039;train_quality_gate_00040;train_quality_gate_00042;train_quality_gate_00043;train_quality_gate_00044;train_quality_gate_00045;train_relative_24h_mean_lookup_00025;train_relative_24h_mean_lookup_00026;train_relative_24h_mean_lookup_00027;train_timestamp_nearest_lookup_00007;train_timestamp_value_lookup_00007
BTS_C,0243c37b_1712_406f_b97e_987e22fb1c57,Peak_Power_Demand_Sensor,BTS_C Electrical Meter 007,nan,Site_Caa.zip,Site_Caa/1555.pickle,326146.0,2020-11-18T23:56:44.508000+00:00,2024-01-18T18:16:47.354000+00:00,test_day_mean_lookup_00031;test_day_mean_lookup_00033;test_relative_24h_mean_lookup_00031;test_relative_24h_mean_lookup_00032;test_window_mean_lookup_00009
BTS_A,0245d2db_5280_46b2_bfaa_9b75aeeaec5e,Room_Air_Temperature_Setpoint,BTS_A Fcu 012,nan,Site_Aaa.zip,Site_Aaa/3998.pickle,153634.0,2021-01-01T00:02:49.450000+00:00,2023-12-31T23:50:05.812000+00:00,train_window_mean_lookup_00024
BTS_B,0261b604_b2fc_4e20_931d_6f3122c2971c,Filter_Differential_Pressure_Sensor,BTS_B Cooling Valve 011,nan,Site_Baa.zip,Site_Baa/541.pickle,143145.0,2021-01-01T00:03:17.779000+00:00,2023-12-31T23:52:08.107000+00:00,dev_day_mean_lookup_00035;dev_relative_24h_mean_lookup_00035;train_day_mean_lookup_00036;train_day_mean_lookup_00037;train_day_mean_lookup_00038;train_relative_24h_mean_lookup_00036;train_relative_24h_mean_lookup_00037;train_relative_24h_mean_lookup_00038;train_timestamp_nearest_lookup_00041;train_timestamp_value_lookup_00041;train_window_mean_lookup_00010;train_window_pairwise_compare_00018
BTS_A,02f7aea2_2009_4006_aabc_4ec47fa2e5c2,Filter_Differential_Pressure_Sensor,BTS_A Air Handler Unit 002,nan,Site_Aaa.zip,Site_Aaa/721.pickle,153919.0,2021-01-01T00:00:29.848000+00:00,2023-12-31T23:58:23.196000+00:00,train_window_mean_lookup_00028
BTS_A,02fb9199_5444_4d5d_95ad_aa1d0df075f1,Room_Air_Temperature_Setpoint,BTS_A Room 192,nan,Site_Aaa.zip,Site_Aaa/2717.pickle,153855.0,2021-01-01T00:01:27.409000+00:00,2023-12-31T23:59:08.095000+00:00,train_window_mean_lookup_00031
BTS_B,030e72f4_4e97_47a9_bd7e_6a1433a76528,Position_Sensor,BTS_B Heating Valve 016,nan,Site_Baa.zip,Site_Baa/323.pickle,145147.0,2021-01-01T00:03:09.133000+00:00,2023-12-31T23:51:54.719000+00:00,dev_day_mean_lookup_00050;dev_point_disambiguation_00037;dev_relative_24h_mean_lookup_00050;dev_window_mean_lookup_00014;train_day_mean_lookup_00046;train_day_mean_lookup_00048;train_day_mean_lookup_00049;train_relative_24h_mean_lookup_00046;train_relative_24h_mean_lookup_00048;train_relative_24h_mean_lookup_00049;train_window_pairwise_compare_00045
BTS_C,03446404_9f9d_4954_9c03_9b933b7c4741,Outside_Air_Humidity_Sensor,BTS_C Zone 005,nan,Site_Caa.zip,Site_Caa/5241.pickle,199657.0,2020-05-22T00:17:43.531000+00:00,2024-01-18T10:01:21.186000+00:00,test_window_mean_lookup_00012
BTS_A,035bcca0_ca7c_4453_95e2_d682eb184632,Frequency_Sensor,BTS_A Electrical Meter 025,nan,Site_Aaa.zip,Site_Aaa/8344.pickle,113237.0,2021-01-01T00:14:07.225000+00:00,2023-12-31T23:50:58.519000+00:00,train_window_mean_lookup_00033
BTS_A,037a4fda_cd15_428e_be78_e9fa1f5f70e7,Mode_Status,BTS_A Fcu 082,nan,Site_Aaa.zip,Site_Aaa/4952.pickle,153012.0,2021-01-01T00:03:15.135000+00:00,2023-12-31T23:50:26.938000+00:00,dev_point_disambiguation_00007
BTS_A,038e370e_4f9e_4198_9836_832e63db1205,Mode_Status,BTS_A Exhaust Fan 085,nan,Site_Aaa.zip,Site_Aaa/3925.pickle,154331.0,2021-01-01T00:09:41.713000+00:00,2023-12-31T23:57:40.808000+00:00,train_point_disambiguation_00010
BTS_B,03a31202_d278_4d7a_b565_fa0427a57822,Cooling_Temperature_Setpoint,BTS_B Air Handler Unit 003,BTS_B Building 001,Site_Baa.zip,Site_Baa/375.pickle,145022.0,2021-01-01T00:03:10.433000+00:00,2023-12-31T23:51:56.829000+00:00,dev_relative_24h_mean_lookup_00055;train_day_mean_lookup_00054;train_day_mean_lookup_00056;train_day_mean_lookup_00057;train_day_mean_lookup_00058;train_relative_24h_mean_lookup_00054;train_relative_24h_mean_lookup_00057;train_relative_24h_mean_lookup_00058;train_timestamp_nearest_lookup_00017;train_timestamp_value_lookup_00017;train_window_mean_lookup_00017
BTS_A,03c191dd_3af8_4d9f_b34d_61860824d36f,Room_Air_Temperature_Setpoint,BTS_A Room 236,nan,Site_Aaa.zip,Site_Aaa/2532.pickle,153850.0,2021-01-01T00:01:22.282000+00:00,2023-12-31T23:59:02.937000+00:00,dev_window_mean_lookup_00035
BTS_B,03d25283_5abe_4120_b184_903bc77109c0,Outside_Air_Humidity_Sensor,BTS_B Weather Station 001,BTS_B Building 001,Site_Baa.zip,Site_Baa/714.pickle,144638.0,2021-01-01T00:03:11.500000+00:00,2023-12-31T23:51:58.546000+00:00,train_window_mean_lookup_00020
BTS_C,03e4ed36_9980_44ea_aeef_44e12d22f29b,Motor_Speed_Sensor,BTS_C Terminal Unit 005,nan,Site_Caa.zip,Site_Caa/682.pickle,106336.0,2020-05-29T00:44:23.687000+00:00,2024-01-18T01:31:44.559000+00:00,test_window_mean_lookup_00015
BTS_A,03e5f422_b8cf_4bc5_88fe_475f72080c7f,Room_Air_Temperature_Setpoint,BTS_A Fcu 013,nan,Site_Aaa.zip,Site_Aaa/2450.pickle,153684.0,2021-01-01T00:02:32.657000+00:00,2023-12-31T23:59:57.598000+00:00,train_window_mean_lookup_00037
BTS_A,03ed525c_3669_404b_bce3_657dfdc13233,Zone_Air_Temperature_Sensor,BTS_A Fcu 091,nan,Site_Aaa.zip,Site_Aaa/3168.pickle,154044.0,2021-01-01T00:00:01.702000+00:00,2023-12-31T23:57:59.452000+00:00,train_window_mean_lookup_00039
BTS_B,03f84d72_615b_4b71_840c_41c2a5015d76,Air_Temperature_Sensor,BTS_B Fan Coil Unit 007,BTS_B Conference Room 008,Site_Baa.zip,Site_Baa/104.pickle,143380.0,2021-01-01T00:03:16.163000+00:00,2023-12-31T23:52:05.566000+00:00,train_point_disambiguation_00005;train_quality_gate_00046;train_quality_gate_00047;train_quality_gate_00048;train_timestamp_nearest_lookup_00008;train_timestamp_value_lookup_00008;train_window_mean_lookup_00023
BTS_B,03fc6876_5d4b_4fe8_9d08_7599f9b1a3df,Temperature_Setpoint,BTS_B Air Handler Unit 005,BTS_B Building 001,Site_Baa.zip,Site_Baa/265.pickle,144016.0,2021-01-01T00:03:13.716000+00:00,2023-12-31T23:52:01.772000+00:00,train_window_mean_lookup_00027
BTS_A,042f3da9_ff2c_4149_815c_fb7e75f391c7,Supply_Air_Temperature_Sensor,BTS_A Fcu 035,nan,Site_Aaa.zip,Site_Aaa/3801.pickle,153940.0,2021-01-01T00:00:21.928000+00:00,2023-12-31T23:58:16.328000+00:00,train_window_mean_lookup_00040
BTS_A,0449178f_6c7a_44cd_98d6_b02a4c49899f,Static_Pressure_Sensor,BTS_A Exhaust Fan 034,nan,Site_Aaa.zip,Site_Aaa/3811.pickle,153912.0,2021-01-01T00:01:10.422000+00:00,2023-12-31T23:58:52.616000+00:00,train_window_mean_lookup_00042
BTS_A,044e3c2d_430d_429f_a199_1e55dcd34fe9,Static_Pressure_Sensor,BTS_A Exhaust Fan 049,nan,Site_Aaa.zip,Site_Aaa/7070.pickle,153944.0,2021-01-01T00:00:19.263000+00:00,2023-12-31T23:58:14.209000+00:00,dev_window_mean_lookup_00044
BTS_C,048b5090_59a9_46b0_afd7_350d2ea97361,Electrical_Power_Sensor,BTS_C Supply Fan 016,nan,Site_Caa.zip,Site_Caa/2382.pickle,182893.0,2020-05-22T00:16:30.375000+00:00,2024-01-18T08:11:13.132000+00:00,test_window_mean_lookup_00018
BTS_A,048ca2ce_7494_4828_8d57_fdcf9c601fd3,Air_Flow_Sensor,BTS_A Exhaust Fan 034,nan,Site_Aaa.zip,Site_Aaa/939.pickle,153900.0,2021-01-01T00:01:10.271000+00:00,2023-12-31T23:58:52.493000+00:00,dev_quality_gate_00010;dev_quality_gate_00016;train_quality_gate_00003;train_quality_gate_00011;train_quality_gate_00012;train_quality_gate_00014;train_quality_gate_00015;train_quality_gate_00017;train_timestamp_nearest_lookup_00002;train_timestamp_value_lookup_00002;train_window_mean_lookup_00046
BTS_A,0496b1a8_a4a5_4a75_94b4_d6e703525a11,Frequency_Sensor,BTS_A Fcu 072,nan,Site_Aaa.zip,Site_Aaa/7964.pickle,153744.0,2021-01-01T00:02:04.123000+00:00,2023-12-31T23:59:36.815000+00:00,dev_window_mean_lookup_00049
BTS_A,04f9b478_b06a_4624_8b01_aec7e45743f3,Mode_Status,BTS_A Fcu 013,nan,Site_Aaa.zip,Site_Aaa/3179.pickle,153648.0,2021-01-01T00:02:32.832000+00:00,2023-12-31T23:59:57.694000+00:00,train_point_disambiguation_00013
BTS_A,04fde131_b76a_434e_80a2_dfea064e9096,Air_Flow_Sensor,BTS_A Exhaust Fan 048,nan,Site_Aaa.zip,Site_Aaa/5264.pickle,153905.0,2021-01-01T00:01:09.860000+00:00,2023-12-31T23:58:52.159000+00:00,dev_quality_gate_00005;dev_quality_gate_00020;train_quality_gate_00018;train_quality_gate_00019;train_timestamp_nearest_lookup_00003;train_timestamp_value_lookup_00003;train_window_mean_lookup_00051
BTS_A,05009b38_de08_470d_8258_f2bf46b5d2fb,Air_Flow_Setpoint,BTS_A Damper 034,nan,Site_Aaa.zip,Site_Aaa/4114.pickle,153996.0,2021-01-01T00:00:07.669000+00:00,2023-12-31T23:58:04.481000+00:00,train_window_mean_lookup_00053
BTS_A,05515692_1db9_455e_90a1_db33f058c2f2,Mode_Status,BTS_A Damper 119,nan,Site_Aaa.zip,Site_Aaa/5752.pickle,153702.0,2021-01-01T00:02:14.675000+00:00,2023-12-31T23:59:45.692000+00:00,train_point_disambiguation_00015
BTS_B,05b18e56_48a1_4849_b3c0_693beb43bd53,Room_Air_Temperature_Setpoint,BTS_B Fan Coil Unit 004,BTS_B Conference Room 003,Site_Baa.zip,Site_Baa/62.pickle,143551.0,2021-01-01T00:03:15.526000+00:00,2023-12-31T23:52:04.610000+00:00,dev_window_mean_lookup_00030
BTS_B,0653ab33_0059_4e34_a822_d9ed02a6a26a,Room_Air_Temperature_Setpoint,BTS_B Shared Space 001,nan,Site_Baa.zip,Site_Baa/549.pickle,143014.0,2021-01-01T00:03:17.875000+00:00,2023-12-31T23:52:08.265000+00:00,train_window_mean_lookup_00032
BTS_A,0676c280_c604_4c9c_a731_b1c54f6171fe,Air_Flow_Sensor,BTS_A Damper 044,nan,Site_Aaa.zip,Site_Aaa/8325.pickle,153922.0,2021-01-01T00:00:28.359000+00:00,2023-12-31T23:58:21.826000+00:00,dev_quality_gate_00022;train_quality_gate_00007;train_quality_gate_00021;train_timestamp_nearest_lookup_00004;train_timestamp_value_lookup_00004
BTS_C,0682dadf_91ef_4851_ad56_8212a93c09be,Electrical_Energy_Sensor,BTS_C Electrical Meter 042,nan,Site_Caa.zip,Site_Caa/3952.pickle,501643.0,2020-05-20T22:38:34.978000+00:00,2024-01-18T12:40:29.354000+00:00,test_point_disambiguation_00003
BTS_A,06939996_2fee_40b8_869f_10f226ade91c,Mode_Status,BTS_A Damper 006,nan,Site_Aaa.zip,Site_Aaa/4476.pickle,153707.0,2021-01-01T00:02:16.002000+00:00,2023-12-31T23:59:46.794000+00:00,train_point_disambiguation_00017
BTS_A,06c53a52_e6a1_4847_be90_66b96e8a3894,Air_Flow_Sensor,BTS_A Damper 005,nan,Site_Aaa.zip,Site_Aaa/4832.pickle,153930.0,2021-01-01T00:00:28.281000+00:00,2023-12-31T23:58:21.754000+00:00,dev_timestamp_nearest_lookup_00005;dev_timestamp_value_lookup_00005;train_quality_gate_00009
BTS_A,071042d9_0662_4fd6_956f_d2a352c2bd15,Air_Flow_Sensor,BTS_A Damper 009,nan,Site_Aaa.zip,Site_Aaa/867.pickle,153662.0,2021-01-01T00:02:21.393000+00:00,2023-12-31T23:59:51.123000+00:00,dev_quality_gate_00023;train_quality_gate_00024
BTS_C,0770f535_3828_4b36_b538_07f636c324b6,Frequency_Sensor,BTS_C Electrical Meter 007,nan,Site_Caa.zip,Site_Caa/996.pickle,326129.0,2020-11-18T23:56:44.381000+00:00,2024-01-18T18:16:46.762000+00:00,test_window_mean_lookup_00021
BTS_A,085a38f8_14c8_4118_a85b_77c5b229ea39,Air_Flow_Sensor,BTS_A Fume Hood 013,BTS_A Room 304,Site_Aaa.zip,Site_Aaa/5678.pickle,153872.0,2021-01-01T00:01:16.568000+00:00,2023-12-31T23:58:57.408000+00:00,dev_quality_gate_00026;train_quality_gate_00025
BTS_C,08b1d726_777e_442d_aa44_ca7599a249a8,Frequency_Sensor,BTS_C Electrical Storage Meter 003,nan,Site_Caa.zip,Site_Caa/1715.pickle,1057552.0,2020-05-20T22:38:52.286000+00:00,2024-01-18T19:47:24.246000+00:00,test_window_mean_lookup_00025
BTS_B,08cb745e_9ebd_4f6f_8410_01053aa8f8d6,Min_Discharge_Air_Temperature_Setpoint_Limit,BTS_B Fan Coil Unit 005,BTS_B Conference Room 011,Site_Baa.zip,Site_Baa/516.pickle,144202.0,2021-01-01T00:03:13.156000+00:00,2023-12-31T23:52:00.915000+00:00,train_window_mean_lookup_00034
BTS_A,08fc205a_c3f8_4fcc_83c6_6c4246dcc742,Mode_Status,BTS_A Room 099,nan,Site_Aaa.zip,Site_Aaa/1888.pickle,153927.0,2021-01-01T00:00:46.387000+00:00,2023-12-31T23:58:37.481000+00:00,dev_point_disambiguation_00019
BTS_A,09826b1b_e5cf_4c8d_8c11_46a0f1367df9,Mode_Status,BTS_A Fcu 109,nan,Site_Aaa.zip,Site_Aaa/5791.pickle,153960.0,2021-01-01T00:00:19.914000+00:00,2023-12-31T23:58:14.684000+00:00,train_point_disambiguation_00021
BTS_B,09a1a9e0_ddaf_4765_96a2_484537d19e7d,Temperature_Setpoint,BTS_B Fan Coil Unit 010,BTS_B Conference Room 006,Site_Baa.zip,Site_Baa/109.pickle,143366.0,2021-01-01T00:03:16.231000+00:00,2023-12-31T23:52:05.672000+00:00,train_window_mean_lookup_00036
BTS_A,09c508b8_7a39_4043_b683_c2d3dacd76d4,Mode_Status,BTS_A Exhaust Fan 059,nan,Site_Aaa.zip,Site_Aaa/6753.pickle,154339.0,2021-01-01T00:09:40.863000+00:00,2023-12-31T23:57:40.062000+00:00,train_point_disambiguation_00023
BTS_A,09d01b6e_291a_4d45_a067_df6d72b7eb14,Mode_Status,BTS_A Damper 073,nan,Site_Aaa.zip,Site_Aaa/2422.pickle,153675.0,2021-01-01T00:02:18.798000+00:00,2023-12-31T23:59:49.057000+00:00,train_point_disambiguation_00025
BTS_B,09d686a2_134c_4904_b4c4_8ce3ce582169,Air_Temperature_Sensor,BTS_B Air Handler Unit 002,BTS_B Building 001,Site_Baa.zip,Site_Baa/256.pickle,144040.0,2021-01-01T00:03:13.600000+00:00,2023-12-31T23:52:01.596000+00:00,train_point_disambiguation_00008;train_quality_gate_00031;train_quality_gate_00049;train_quality_gate_00050;train_timestamp_nearest_lookup_00009;train_timestamp_value_lookup_00009;train_window_mean_lookup_00038
BTS_A,0a29f8ba_d7a0_4d6b_8b87_94b1bec8eb3c,Air_Flow_Sensor,BTS_A Fume Hood 001,BTS_A Room 205,Site_Aaa.zip,Site_Aaa/3264.pickle,153865.0,2021-01-01T00:01:16.450000+00:00,2023-12-31T23:58:57.299000+00:00,dev_quality_gate_00013
BTS_A,0a38ec67_03e4_44a4_b824_c6acba65077c,Mode_Status,BTS_A Fcu 052,nan,Site_Aaa.zip,Site_Aaa/272.pickle,153569.0,2021-01-01T00:03:06.931000+00:00,2023-12-31T23:50:20.283000+00:00,train_point_disambiguation_00027
BTS_C,0a7e26f7_4465_4700_9001_c0ead8dec2cf,Time_Parameter,BTS_C Location 020,nan,Site_Caa.zip,Site_Caa/1865.pickle,175231.0,2020-05-22T00:23:12.327000+00:00,2024-01-18T03:21:30.633000+00:00,test_point_disambiguation_00060
BTS_B,0ab05234_ccb7_458f_8d73_dd1fab6088ed,System_Status,BTS_B Air Handler Unit 005,BTS_B Building 001,Site_Baa.zip,Site_Baa/298.pickle,143808.0,2021-01-01T00:03:14.128000+00:00,2023-12-31T23:52:02.407000+00:00,train_point_disambiguation_00055
BTS_C,0ab16082_90f1_49c7_82c2_95f145ddc478,Electrical_Energy_Sensor,BTS_C Electrical Meter 061,nan,Site_Caa.zip,Site_Caa/4496.pickle,332025.0,2020-11-18T01:12:40.210000+00:00,2024-01-18T17:26:25.681000+00:00,test_point_disambiguation_00006
BTS_A,0ab33c00_8502_402d_9b9d_c3ed434c78be,Mode_Status,BTS_A Damper 113,nan,Site_Aaa.zip,Site_Aaa/6601.pickle,154021.0,2021-01-01T00:00:07.712000+00:00,2023-12-31T23:58:04.515000+00:00,dev_point_disambiguation_00029
BTS_B,0ace4d2f_11d3_49f0_a61a_2f839ae3208e,Temperature_Setpoint,BTS_B Fan Coil Unit 007,BTS_B Conference Room 008,Site_Baa.zip,Site_Baa/87.pickle,143426.0,2021-01-01T00:03:15.929000+00:00,2023-12-31T23:52:05.179000+00:00,train_window_mean_lookup_00041
BTS_A,0b0e938c_d678_4e7c_b695_154fe2de427f,Air_Flow_Sensor,BTS_A Exhaust Fan 001,nan,Site_Aaa.zip,Site_Aaa/5081.pickle,153900.0,2021-01-01T00:01:07.211000+00:00,2023-12-31T23:58:49.975000+00:00,dev_quality_gate_00028;train_quality_gate_00027
BTS_B,0b1d848c_0845_4295_80d0_e5fa8b33dfdc,Min_Discharge_Air_Temperature_Setpoint_Limit,BTS_B Air Handler Unit 005,BTS_B Building 001,Site_Baa.zip,Site_Baa/287.pickle,144047.0,2021-01-01T00:03:14+00:00,2023-12-31T23:52:02.204000+00:00,train_window_mean_lookup_00043
BTS_A,0b62ca90_6ea9_490e_b227_ef21430a1aaa,Air_Flow_Sensor,BTS_A Exhaust Fan 074,nan,Site_Aaa.zip,Site_Aaa/753.pickle,153913.0,2021-01-01T00:01:09.486000+00:00,2023-12-31T23:58:51.849000+00:00,dev_timestamp_nearest_lookup_00006;dev_timestamp_value_lookup_00006
BTS_C,0ba6d635_0649_45ef_8a79_ca7b7d9b5b9c,Demand_Sensor,BTS_C Electrical Meter 011,nan,Site_Caa.zip,Site_Caa/3678.pickle,329142.0,2020-11-18T23:53:49.054000+00:00,2024-01-18T17:56:40.480000+00:00,test_window_mean_lookup_00026
BTS_A,0c1713c5_523d_4569_a184_358151a1aba4,Air_Flow_Sensor,BTS_A Damper 022,nan,Site_Aaa.zip,Site_Aaa/5182.pickle,153668.0,2021-01-01T00:02:19.997000+00:00,2023-12-31T23:59:50.011000+00:00,train_quality_gate_00029
BTS_C,0c6f9c85_2600_495b_a539_6aefafeac0e1,Electrical_Energy_Sensor,BTS_C Electrical Generation Meter 001,nan,Site_Caa.zip,Site_Caa/344.pickle,455113.0,2020-05-20T22:38:33.163000+00:00,2024-01-18T12:15:27.224000+00:00,test_point_disambiguation_00009
BTS_C,0c748854_6a3d_4ea8_8cf4_05bb4995bc24,Electrical_Energy_Sensor,BTS_C Electrical Meter 018,nan,Site_Caa.zip,Site_Caa/4343.pickle,517188.0,2020-05-20T22:38:33.609000+00:00,2024-01-18T12:20:27.263000+00:00,test_point_disambiguation_00012
BTS_A,0c89278e_1ce5_4e25_ac4f_98af2dcc4c71,Air_Flow_Sensor,BTS_A Fume Hood 025,BTS_A Room 110,Site_Aaa.zip,Site_Aaa/3163.pickle,153878.0,2021-01-01T00:01:16.034000+00:00,2023-12-31T23:58:56.846000+00:00,dev_quality_gate_00030;dev_window_rank_00007;dev_window_rank_00022;dev_window_rank_00033;dev_window_rank_00040;train_window_rank_00001;train_window_rank_00004;train_window_rank_00010;train_window_rank_00013;train_window_rank_00016;train_window_rank_00019;train_window_rank_00025;train_window_rank_00027;train_window_rank_00030;train_window_rank_00036
BTS_B,0d0e3bb7_62e6_4f4a_91b5_17b1044c69cf,Max_Discharge_Air_Temperature_Setpoint_Limit,BTS_B Air Handler Unit 002,BTS_B Building 001,Site_Baa.zip,Site_Baa/249.pickle,143997.0,2021-01-01T00:03:13.519000+00:00,2023-12-31T23:52:01.471000+00:00,train_window_mean_lookup_00045
BTS_C,0d371aad_d390_4638_a318_a3068673a3b1,Air_Flow_Sensor,BTS_C Vav 021,nan,Site_Caa.zip,Site_Caa/4235.pickle,183734.0,2020-05-22T00:43:53.369000+00:00,2024-01-18T02:21:43.719000+00:00,test_point_disambiguation_00043;test_timestamp_nearest_lookup_00054;test_timestamp_value_lookup_00054;test_window_mean_lookup_00029
BTS_B,0d3b1b76_c042_4c6e_a885_34d11845b725,Min_Temperature_Setpoint_Limit,BTS_B Air Handler Unit 003,BTS_B Building 001,Site_Baa.zip,Site_Baa/356.pickle,145092.0,2021-01-01T00:03:10+00:00,2023-12-31T23:51:56.119000+00:00,train_window_rank_00048;train_window_rank_00052;train_window_rank_00056;train_window_rank_00058
BTS_A,0db44d91_29e8_4466_af68_1a8557174f8f,Mode_Status,BTS_A Fcu 079,nan,Site_Aaa.zip,Site_Aaa/4651.pickle,153470.0,2021-01-01T00:03:10.106000+00:00,2023-12-31T23:50:22.901000+00:00,train_point_disambiguation_00031
BTS_B,0ea4aa4f_0228_4dae_afd1_5da948fdb5d7,Position_Sensor,BTS_B Cooling Valve 004,nan,Site_Baa.zip,Site_Baa/121.pickle,143421.0,2021-01-01T00:03:16.410000+00:00,2023-12-31T23:52:05.957000+00:00,train_point_disambiguation_00038;train_window_mean_lookup_00047;train_window_pairwise_compare_00054;train_window_pairwise_compare_00055
BTS_A,0f4ab7fb_70ce_4f0a_a3e0_69d2470f9228,Mode_Status,BTS_A Fcu 075,nan,Site_Aaa.zip,Site_Aaa/5400.pickle,153664.0,2021-01-01T00:02:34.436000+00:00,2023-12-31T23:59:58.939000+00:00,train_point_disambiguation_00033
BTS_A,102c5525_b3db_4a16_a7f7_4c891e787ee5,Air_Flow_Sensor,BTS_A Fume Hood 023,BTS_A Room 071,Site_Aaa.zip,Site_Aaa/2380.pickle,153943.0,2021-01-01T00:00:26.148000+00:00,2023-12-31T23:58:19.802000+00:00,dev_window_rank_00007;dev_window_rank_00022;dev_window_rank_00033;dev_window_rank_00040;train_window_rank_00001;train_window_rank_00004;train_window_rank_00010;train_window_rank_00013;train_window_rank_00019;train_window_rank_00025;train_window_rank_00027;train_window_rank_00030;train_window_rank_00036
BTS_B,11328598_25fc_4808_ba70_a4a48ed1d6e4,Air_Temperature_Sensor,BTS_B Conference Room 011,nan,Site_Baa.zip,Site_Baa/523.pickle,144241.0,2021-01-01T00:03:13.246000+00:00,2023-12-31T23:52:01.047000+00:00,train_point_disambiguation_00011;train_timestamp_nearest_lookup_00010;train_timestamp_value_lookup_00010;train_window_mean_lookup_00048
BTS_C,117fb650_a9c8_4d2a_abb0_7b916d8756c7,Air_Flow_Sensor,BTS_C Vav 025,nan,Site_Caa.zip,Site_Caa/2434.pickle,179484.0,2020-05-22T00:23:19.759000+00:00,2024-01-18T03:31:29.023000+00:00,test_point_disambiguation_00045
BTS_B,12ceccb3_7882_4009_9b3f_1b0972d88f6f,Heating_Temperature_Setpoint,BTS_B Air Handler Unit 005,BTS_B Building 001,Site_Baa.zip,Site_Baa/293.pickle,143929.0,2021-01-01T00:03:14.071000+00:00,2023-12-31T23:52:02.311000+00:00,train_timestamp_nearest_lookup_00046;train_timestamp_value_lookup_00046;train_window_mean_lookup_00050
BTS_B,12fd9d33_d6a4_46c3_b647_b58a569a2db5,Air_Temperature_Sensor,BTS_B Open Space 002,nan,Site_Baa.zip,Site_Baa/300.pickle,143808.0,2021-01-01T00:03:14.152000+00:00,2023-12-31T23:52:02.439000+00:00,dev_point_disambiguation_00014;dev_timestamp_nearest_lookup_00011;dev_timestamp_value_lookup_00011;train_window_mean_lookup_00052
BTS_B,130a1dd7_4a2b_47bf_ad36_ca19f27c3236,Position_Sensor,BTS_B Heating Valve 009,nan,Site_Baa.zip,Site_Baa/485.pickle,144353.0,2021-01-01T00:03:12.738000+00:00,2023-12-31T23:52:00.302000+00:00,train_point_disambiguation_00039
BTS_B,139f8178_52ee_4ec7_af6a_42e0b1bd2546,Min_Temperature_Setpoint_Limit,BTS_B Fan Coil Unit 002,BTS_B Conference Room 010,Site_Baa.zip,Site_Baa/446.pickle,144656.0,2021-01-01T00:03:12.184000+00:00,2023-12-31T23:51:59.490000+00:00,train_window_rank_00020
BTS_A,14c1fe29_be9b_46b1_b7e5_14515f796b3f,Mode_Status,BTS_A Fcu 027,nan,Site_Aaa.zip,Site_Aaa/1223.pickle,153038.0,2021-01-01T00:03:14.962000+00:00,2023-12-31T23:50:26.791000+00:00,dev_point_disambiguation_00035
BTS_B,153b9bda_a4d6_4f25_9710_f65194d66f6c,Min_Temperature_Setpoint_Limit,BTS_B Air Handler Unit 004,BTS_B Building 001,Site_Baa.zip,Site_Baa/201.pickle,144950.0,2021-01-01T00:03:11.689000+00:00,2023-12-31T23:51:58.787000+00:00,dev_window_rank_00054;train_window_rank_00046;train_window_rank_00050
BTS_C,156e8bd1_807e_48c0_a1de_8a0621c1a4c0,Air_Temperature_Setpoint,BTS_C Floor 007,nan,Site_Caa.zip,Site_Caa/5341.pickle,185015.0,2020-05-22T00:10:53.142000+00:00,2024-01-18T09:31:07.849000+00:00,test_timestamp_nearest_lookup_00055;test_timestamp_value_lookup_00057
BTS_C,171c2020_d7ff_4941_90aa_f5801eb8da2b,Chilled_Water_Return_Temperature_Sensor,BTS_C Chiller 001,BTS_C Floor 006,Site_Caa.zip,Site_Caa/3572.pickle,273029.0,2020-05-22T00:15:37.483000+00:00,2024-01-18T11:11:01.715000+00:00,test_timestamp_nearest_lookup_00059
BTS_B,17286014_ce1a_4ed3_89b3_92e0b16f0ef7,Air_Temperature_Sensor,BTS_B Enclosed Space 006,nan,Site_Baa.zip,Site_Baa/387.pickle,144987.0,2021-01-01T00:03:10.715000+00:00,2023-12-31T23:51:57.263000+00:00,train_point_disambiguation_00016
BTS_C,191f4be6_7c7e_42b5_8b90_a56a1f0bd015,Chilled_Water_Flow_Sensor,BTS_C Chilled Water Loop 001,nan,Site_Caa.zip,Site_Caa/4659.pickle,260121.0,2020-05-22T00:15:39.345000+00:00,2024-01-18T10:41:01.055000+00:00,test_timestamp_nearest_lookup_00057;test_timestamp_value_lookup_00059
BTS_C,1a13e9f7_5f42_4d25_9343_29c6745e1a47,Air_Flow_Sensor,BTS_C Exhaust Fan 006,BTS_C Location 052,Site_Caa.zip,Site_Caa/1091.pickle,145704.0,2021-01-01T00:08:06.873000+00:00,2023-12-31T23:52:27.374000+00:00,test_window_rank_00035
BTS_B,1bb97105_2614_4197_9cb1_62d0f6f851d6,Air_Temperature_Sensor,BTS_B Exhaust Fan 003,nan,Site_Baa.zip,Site_Baa/179.pickle,143910.0,2021-01-01T00:03:14.258000+00:00,2023-12-31T23:52:02.588000+00:00,train_point_disambiguation_00018
BTS_B,1ccf1c24_fca5_4b0d_af96_34522b52e810,Chilled_Water_Differential_Temperature_Sensor,BTS_B Chiller 001,BTS_B Service Room 001,Site_Baa.zip,Site_Baa/422.pickle,145025.0,2021-01-01T00:03:11.028000+00:00,2023-12-31T23:51:57.882000+00:00,train_timestamp_nearest_lookup_00015;train_timestamp_value_lookup_00015
BTS_C,1d68b345_49a0_46da_94df_1c38ee74d75d,Position_Sensor,BTS_C Exhaust Fan 079,BTS_C Location 042,Site_Caa.zip,Site_Caa/1518.pickle,171729.0,2020-05-31T01:44:29.738000+00:00,2024-01-18T02:11:46.630000+00:00,test_window_rank_00009;test_window_rank_00015
BTS_B,1f23b488_abad_41ae_9f8a_8d9ece97d9fa,System_Status,BTS_B Air Handler Unit 001,BTS_B Building 001,Site_Baa.zip,Site_Baa/337.pickle,145280.0,2021-01-01T00:03:09.470000+00:00,2023-12-31T23:51:55.277000+00:00,train_point_disambiguation_00056
BTS_B,1f912733_aad2_40bb_afe7_45f6cdf432af,Discharge_Air_Temperature_Sensor,BTS_B Fan Coil Unit 005,BTS_B Conference Room 011,Site_Baa.zip,Site_Baa/521.pickle,144155.0,2021-01-01T00:03:13.223000+00:00,2023-12-31T23:52:01.015000+00:00,train_timestamp_nearest_lookup_00036;train_timestamp_value_lookup_00036
BTS_B,213ac15b_3fbd_40b7_b59b_43ab87a09260,Max_Temperature_Setpoint_Limit,BTS_B Fan Coil Unit 010,BTS_B Conference Room 006,Site_Baa.zip,Site_Baa/114.pickle,143415.0,2021-01-01T00:03:16.305000+00:00,2023-12-31T23:52:05.790000+00:00,dev_window_rank_00038
BTS_B,21664c05_92c5_453f_9274_123711a5a5c0,Differential_Pressure_Sensor,BTS_B Chilled Water System 001,BTS_B Building 001,Site_Baa.zip,Site_Baa/423.pickle,145063.0,2021-01-01T00:03:11.040000+00:00,2023-12-31T23:51:57.900000+00:00,train_timestamp_nearest_lookup_00029;train_timestamp_value_lookup_00029
BTS_C,216ee9d3_4b2f_47b5_a7a4_404784a3e531,Chilled_Water_Flow_Sensor,BTS_C Chilled Water Coil 017,nan,Site_Caa.zip,Site_Caa/434.pickle,261081.0,2020-05-22T00:15:38.038000+00:00,2024-01-18T10:31:01.138000+00:00,test_timestamp_nearest_lookup_00058;test_timestamp_value_lookup_00060
BTS_B,236bb7ad_eb0d_40ae_b841_2e3b5c748fd5,Air_Temperature_Sensor,BTS_B Fan Coil Unit 002,BTS_B Conference Room 010,Site_Baa.zip,Site_Baa/462.pickle,144524.0,2021-01-01T00:03:12.402000+00:00,2023-12-31T23:51:59.797000+00:00,train_point_disambiguation_00020
BTS_B,23a693e3_2b42_4bd7_bc53_3847aa51b82a,System_Status,BTS_B Air Handler Unit 004,BTS_B Building 001,Site_Baa.zip,Site_Baa/227.pickle,144708.0,2021-01-01T00:03:12.048000+00:00,2023-12-31T23:51:59.300000+00:00,train_point_disambiguation_00057
BTS_C,24b0c125_3e57_4b07_b856_c556f25626a2,Air_Flow_Sensor,BTS_C Vav 004,nan,Site_Caa.zip,Site_Caa/3274.pickle,184192.0,2020-05-22T00:23:18.181000+00:00,2024-01-18T03:31:28.797000+00:00,test_point_disambiguation_00047
BTS_B,250af432_9be1_4475_ae81_50c4e43cbdc9,Damper_Position_Sensor,BTS_B Return Damper 004,nan,Site_Baa.zip,Site_Baa/295.pickle,143885.0,2021-01-01T00:03:14.093000+00:00,2023-12-31T23:52:02.349000+00:00,train_timestamp_nearest_lookup_00024;train_timestamp_value_lookup_00024
BTS_B,26474aac_3036_42e8_860a_25bd407c888b,System_Status,BTS_B Hot Water Pump 001,nan,Site_Baa.zip,Site_Baa/593.pickle,144876.0,2021-01-01T00:03:11.257000+00:00,2023-12-31T23:51:58.217000+00:00,train_point_disambiguation_00058
BTS_B,27b340fd_9156_4c61_8421_eb5e67648bfa,Damper_Position_Sensor,BTS_B Return Damper 009,nan,Site_Baa.zip,Site_Baa/259.pickle,144016.0,2021-01-01T00:03:13.646000+00:00,2023-12-31T23:52:01.665000+00:00,train_timestamp_nearest_lookup_00025;train_timestamp_value_lookup_00025
BTS_C,27c8120b_5111_4dbe_be73_ac38fc3cd718,Air_Flow_Sensor,BTS_C Hot Water Coil 018,nan,Site_Caa.zip,Site_Caa/147.pickle,260660.0,2020-05-22T00:15:38.229000+00:00,2024-01-18T19:31:01.086000+00:00,test_timestamp_value_lookup_00055
BTS_B,28611c31_e1f3_4626_a32e_486887c704a0,Differential_Pressure_Sensor,BTS_B Hot Water System 001,BTS_B Building 001,Site_Baa.zip,Site_Baa/588.pickle,145072.0,2021-01-01T00:03:11.201000+00:00,2023-12-31T23:51:58.129000+00:00,train_timestamp_nearest_lookup_00030;train_timestamp_value_lookup_00030
BTS_B,292069fc_b6da_492f_aaf6_258fb2ac3f46,Position_Sensor,BTS_B Cooling Valve 009,nan,Site_Baa.zip,Site_Baa/453.pickle,144678.0,2021-01-01T00:03:12.289000+00:00,2023-12-31T23:51:59.639000+00:00,train_point_disambiguation_00040;train_window_pairwise_compare_00056
BTS_B,29fcf6b6_31db_4c39_954d_b54c57ccd39a,Cooling_Temperature_Setpoint,BTS_B Fan Coil Unit 012,BTS_B Conference Room 007,Site_Baa.zip,Site_Baa/169.pickle,143224.0,2021-01-01T00:03:17.092000+00:00,2023-12-31T23:52:07.022000+00:00,dev_timestamp_nearest_lookup_00018;dev_timestamp_value_lookup_00018
BTS_C,2abce5c3_3329_423f_be9e_46eaaa99ea18,Position_Sensor,BTS_C Exhaust Fan 099,BTS_C Location 026,Site_Caa.zip,Site_Caa/1425.pickle,173700.0,2020-05-30T03:48:25.520000+00:00,2024-01-18T00:41:24.272000+00:00,test_window_rank_00003;test_window_rank_00006;test_window_rank_00009;test_window_rank_00012;test_window_rank_00018
BTS_B,2bc454c3_a32b_40b6_a272_56fb161e8a24,Heating_Temperature_Setpoint,BTS_B Fan Coil Unit 001,BTS_B Conference Room 002,Site_Baa.zip,Site_Baa/39.pickle,143641.0,2021-01-01T00:03:15.187000+00:00,2023-12-31T23:52:04.016000+00:00,train_timestamp_nearest_lookup_00047;train_timestamp_value_lookup_00047
BTS_B,2bfea9cf_141f_4a2e_8dd0_50eb3c5219e4,Heating_Demand_Setpoint,BTS_B Hot Water System 001,BTS_B Building 001,Site_Baa.zip,Site_Baa/597.pickle,144785.0,2021-01-01T00:03:11.301000+00:00,2023-12-31T23:51:58.277000+00:00,train_timestamp_nearest_lookup_00045;train_timestamp_value_lookup_00045
BTS_B,2cb1aa91_d358_4551_a667_7edb9917a185,Position_Sensor,BTS_B Heating Valve 011,nan,Site_Baa.zip,Site_Baa/570.pickle,143108.0,2021-01-01T00:03:17.423000+00:00,2023-12-31T23:52:07.527000+00:00,train_point_disambiguation_00042
BTS_B,2cb58c71_c15c_4934_b320_5cd316f3a1a6,Min_Temperature_Setpoint_Limit,BTS_B Fan Coil Unit 010,BTS_B Conference Room 006,Site_Baa.zip,Site_Baa/116.pickle,143400.0,2021-01-01T00:03:16.325000+00:00,2023-12-31T23:52:05.823000+00:00,train_window_rank_00029
BTS_B,2d12a97f_9bd7_4f21_9ddc_2ac36bf1c7fe,Filter_Differential_Pressure_Sensor,BTS_B Cooling Valve 002,nan,Site_Baa.zip,Site_Baa/569.pickle,143228.0,2021-01-01T00:03:17.412000+00:00,2023-12-31T23:52:07.507000+00:00,dev_window_pairwise_compare_00012;dev_window_pairwise_compare_00021;dev_window_pairwise_compare_00027;dev_window_pairwise_compare_00032;train_timestamp_nearest_lookup_00042;train_timestamp_value_lookup_00042;train_window_pairwise_compare_00002;train_window_pairwise_compare_00005;train_window_pairwise_compare_00008;train_window_pairwise_compare_00010;train_window_pairwise_compare_00013;train_window_pairwise_compare_00029;train_window_pairwise_compare_00036;train_window_pairwise_compare_00040;train_window_pairwise_compare_00041;train_window_pairwise_compare_00043
BTS_C,2e22043d_1d11_4b7d_a785_222a3170f361,Demand_Sensor,BTS_C Electrical Meter 036,nan,Site_Caa.zip,Site_Caa/4287.pickle,333469.0,2020-11-17T11:00:38.033000+00:00,2024-01-18T16:46:16.483000+00:00,test_window_pairwise_compare_00052
BTS_C,2eeb1f35_0221_49a7_aa7a_b9839d7daf58,Chilled_Water_Return_Temperature_Sensor,BTS_C Chilled Water Loop 004,nan,Site_Caa.zip,Site_Caa/141.pickle,222425.0,2020-05-22T00:15:38.833000+00:00,2024-01-18T10:41:00.643000+00:00,test_timestamp_nearest_lookup_00060
BTS_B,2fd1c1ab_7bfe_44d1_b1b9_01488a83f05f,Average_Zone_Air_Temperature_Sensor,BTS_B Hvac Zone 018,nan,Site_Baa.zip,Site_Baa/361.pickle,145206.0,2021-01-01T00:03:10.106000+00:00,2023-12-31T23:51:56.301000+00:00,dev_timestamp_nearest_lookup_00013;dev_timestamp_value_lookup_00013
BTS_B,315fbf97_0628_4625_8181_b2ec26eb5020,Low_Outside_Air_Temperature_Enable_Setpoint,BTS_B Outside Damper 004,nan,Site_Baa.zip,Site_Baa/219.pickle,144691.0,2021-01-01T00:03:11.945000+00:00,2023-12-31T23:51:59.160000+00:00,train_timestamp_nearest_lookup_00050;train_timestamp_value_lookup_00050
BTS_B,31b56e56_1515_4abf_822e_93283587aec7,Heating_Temperature_Setpoint,BTS_B Fan Coil Unit 013,BTS_B Open Space 005,Site_Baa.zip,Site_Baa/576.pickle,143107.0,2021-01-01T00:03:17.491000+00:00,2023-12-31T23:52:07.630000+00:00,train_timestamp_nearest_lookup_00048;train_timestamp_value_lookup_00048
BTS_B,34208a29_b7b4_4224_8c1d_659992ae443e,Cooling_Temperature_Setpoint,BTS_B Fan Coil Unit 004,BTS_B Conference Room 003,Site_Baa.zip,Site_Baa/59.pickle,143560.0,2021-01-01T00:03:15.478000+00:00,2023-12-31T23:52:04.533000+00:00,train_timestamp_nearest_lookup_00019;train_timestamp_value_lookup_00019
BTS_B,347f59ac_e8c7_4e85_ae58_d4f968707f3f,Discharge_Air_Temperature_Sensor,BTS_B Air Handler Unit 001,BTS_B Building 001,Site_Baa.zip,Site_Baa/336.pickle,145157.0,2021-01-01T00:03:09.450000+00:00,2023-12-31T23:51:55.243000+00:00,train_timestamp_nearest_lookup_00037;train_timestamp_value_lookup_00037
BTS_C,354c1d38_cd93_4e57_b4db_4f445386876e,Demand_Sensor,BTS_C Electrical Meter 025,nan,Site_Caa.zip,Site_Caa/4706.pickle,330196.0,2020-11-18T23:48:42.173000+00:00,2024-01-18T17:31:44.805000+00:00,test_window_pairwise_compare_00052
BTS_B,35739c91_b712_4847_beea_9de0c41ab8fd,Damper_Position_Sensor,BTS_B Outside Damper 004,nan,Site_Baa.zip,Site_Baa/217.pickle,144664.0,2021-01-01T00:03:11.921000+00:00,2023-12-31T23:51:59.124000+00:00,dev_timestamp_nearest_lookup_00026;dev_timestamp_value_lookup_00026
BTS_B,3579ef08_6cda_483a_8b7e_cb2e471de630,Air_Temperature_Sensor,BTS_B Fan Coil Unit 001,BTS_B Conference Room 002,Site_Baa.zip,Site_Baa/38.pickle,143559.0,2021-01-01T00:03:15.176000+00:00,2023-12-31T23:52:03.999000+00:00,train_point_disambiguation_00022
BTS_A,360309e6_db3a_4648_a64e_ee7d87ae6245,Frequency_Sensor,BTS_A Air Handler Unit 005,nan,Site_Aaa.zip,Site_Aaa/566.pickle,154322.0,2021-01-01T00:09:36.314000+00:00,2023-12-31T23:57:36.005000+00:00,train_window_pairwise_compare_00058
BTS_B,36510756_4918_4f07_9e40_c96ef1ff7239,Cooling_Temperature_Setpoint,BTS_B Fan Coil Unit 006,BTS_B Conference Room 009,Site_Baa.zip,Site_Baa/489.pickle,144403.0,2021-01-01T00:03:12.783000+00:00,2023-12-31T23:52:00.375000+00:00,train_timestamp_nearest_lookup_00020;train_timestamp_value_lookup_00020
BTS_C,36d8eaba_9407_4331_bdcb_8eeb3c37e72d,Run_Time_Sensor,BTS_C Chiller 002,BTS_C Floor 006,Site_Caa.zip,Site_Caa/3575.pickle,271860.0,2020-05-22T00:15:36.637000+00:00,2024-01-18T11:11:01.515000+00:00,test_window_pairwise_compare_00006;test_window_pairwise_compare_00019;test_window_pairwise_compare_00046;test_window_pairwise_compare_00051
BTS_B,38066954_1756_48f6_9902_64c58b9688f4,Air_Temperature_Sensor,BTS_B Shared Space 001,nan,Site_Baa.zip,Site_Baa/552.pickle,142890.0,2021-01-01T00:03:17.907000+00:00,2023-12-31T23:52:08.325000+00:00,dev_point_disambiguation_00024;dev_timestamp_nearest_lookup_00012;dev_timestamp_value_lookup_00012
BTS_B,38a93e9d_d911_4ce0_81fa_71972b0ee995,Air_Temperature_Sensor,BTS_B Fan Coil Unit 008,BTS_B Shared Space 001,Site_Baa.zip,Site_Baa/547.pickle,143139.0,2021-01-01T00:03:17.843000+00:00,2023-12-31T23:52:08.209000+00:00,train_point_disambiguation_00026
BTS_C,38f3c041_b88d_489f_b175_214713be2a83,Air_Flow_Sensor,BTS_C Exhaust Fan 046,BTS_C Location 025,Site_Caa.zip,Site_Caa/2498.pickle,145699.0,2021-01-01T00:08:03.632000+00:00,2023-12-31T23:52:26.713000+00:00,test_window_rank_00035
BTS_B,39b19d28_59a8_441e_a241_cfb902989edc,Position_Sensor,BTS_B Heating Valve 007,nan,Site_Baa.zip,Site_Baa/35.pickle,143490.0,2021-01-01T00:03:15.142000+00:00,2023-12-31T23:52:03.946000+00:00,dev_point_disambiguation_00044;train_window_pairwise_compare_00047;train_window_pairwise_compare_00048;train_window_pairwise_compare_00057
BTS_A,3bbf9ae3_a529_46a7_8faa_87219ff6eb4d,Voltage_Sensor,BTS_A Equipment 001,BTS_A Floor 010,Site_Aaa.zip,Site_Aaa/5107.pickle,153828.0,2021-01-01T00:01:32.862000+00:00,2023-12-31T23:59:13.247000+00:00,train_window_rank_00041;train_window_rank_00045;train_window_rank_00047;train_window_rank_00057;train_window_rank_00060
BTS_B,3bd76f4a_9fb2_4477_9777_56329fd9bf4a,Min_Temperature_Setpoint_Limit,BTS_B Air Handler Unit 004,BTS_B Building 001,Site_Baa.zip,Site_Baa/202.pickle,144766.0,2021-01-01T00:03:11.702000+00:00,2023-12-31T23:51:58.805000+00:00,dev_window_rank_00054;train_window_rank_00046;train_window_rank_00048;train_window_rank_00050;train_window_rank_00052;train_window_rank_00056;train_window_rank_00058;train_window_rank_00059
BTS_B,3c0f9669_b985_4488_b12c_0db42b17ae2b,Discharge_Air_Temperature_Sensor,BTS_B Air Handler Unit 005,BTS_B Building 001,Site_Baa.zip,Site_Baa/297.pickle,143866.0,2021-01-01T00:03:14.117000+00:00,2023-12-31T23:52:02.388000+00:00,train_timestamp_nearest_lookup_00038;train_timestamp_value_lookup_00038
BTS_B,3d429929_1aeb_49bc_b5c1_4fb7955e7b06,Max_Temperature_Setpoint_Limit,BTS_B Fan Coil Unit 006,BTS_B Conference Room 009,Site_Baa.zip,Site_Baa/476.pickle,144415.0,2021-01-01T00:03:12.609000+00:00,2023-12-31T23:52:00.104000+00:00,train_window_rank_00005
BTS_B,3ebacdfd_bd8a_44da_9241_f192615018c7,Air_Temperature_Sensor,BTS_B Conference Room 002,nan,Site_Baa.zip,Site_Baa/42.pickle,143631.0,2021-01-01T00:03:15.232000+00:00,2023-12-31T23:52:04.152000+00:00,train_point_disambiguation_00028
BTS_B,405896a1_c195_422d_a0aa_18d2eca6a61d,Cooling_Temperature_Setpoint,BTS_B Fan Coil Unit 007,BTS_B Conference Room 008,Site_Baa.zip,Site_Baa/103.pickle,143399.0,2021-01-01T00:03:16.153000+00:00,2023-12-31T23:52:05.550000+00:00,train_quality_gate_00041;train_timestamp_nearest_lookup_00021;train_timestamp_value_lookup_00021
BTS_B,430ca3a7_9f16_490f_aae0_f7fd9675c8a9,Air_Temperature_Sensor,BTS_B Fan Coil Unit 004,BTS_B Conference Room 003,Site_Baa.zip,Site_Baa/60.pickle,143535.0,2021-01-01T00:03:15.489000+00:00,2023-12-31T23:52:04.552000+00:00,train_point_disambiguation_00030
BTS_B,4325430d_eaf6_4742_b9b1_25b580b8bf6d,Position_Sensor,BTS_B Cooling Valve 010,nan,Site_Baa.zip,Site_Baa/243.pickle,143923.0,2021-01-01T00:03:13.451000+00:00,2023-12-31T23:52:01.361000+00:00,train_point_disambiguation_00046;train_window_pairwise_compare_00045;train_window_pairwise_compare_00047;train_window_pairwise_compare_00049
BTS_B,454fc0fa_4c69_45ff_8dab_c7bee2644dc9,Differential_Pressure_Setpoint,BTS_B Filter 009,nan,Site_Baa.zip,Site_Baa/568.pickle,143157.0,2021-01-01T00:03:17.400000+00:00,2023-12-31T23:52:07.489000+00:00,train_timestamp_nearest_lookup_00031;train_timestamp_value_lookup_00031
BTS_B,45923996_731e_48c8_ab40_dbf90bd5b2c2,Filter_Differential_Pressure_Sensor,BTS_B Cooling Valve 013,nan,Site_Baa.zip,Site_Baa/484.pickle,144455.0,2021-01-01T00:03:12.726000+00:00,2023-12-31T23:52:00.280000+00:00,train_timestamp_nearest_lookup_00043;train_timestamp_value_lookup_00043
BTS_B,4609947b_c8a2_4cc1_9c37_535502f7d2cc,Differential_Pressure_Setpoint,BTS_B Filter 010,nan,Site_Baa.zip,Site_Baa/540.pickle,143028.0,2021-01-01T00:03:17.769000+00:00,2023-12-31T23:52:08.088000+00:00,dev_timestamp_nearest_lookup_00032;dev_timestamp_value_lookup_00032
BTS_B,46c72f42_6a42_4dff_a42c_abcd15775178,Heating_Temperature_Setpoint,BTS_B Fan Coil Unit 006,BTS_B Conference Room 009,Site_Baa.zip,Site_Baa/491.pickle,144311.0,2021-01-01T00:03:12.807000+00:00,2023-12-31T23:52:00.410000+00:00,train_timestamp_nearest_lookup_00049;train_timestamp_value_lookup_00049
BTS_B,475e4abd_143c_43fe_bb45_b40c6c9d4500,Position_Sensor,BTS_B Heating Valve 012,nan,Site_Baa.zip,Site_Baa/213.pickle,144702.0,2021-01-01T00:03:11.872000+00:00,2023-12-31T23:51:59.055000+00:00,train_point_disambiguation_00048
BTS_B,4a62ba89_9aed_4390_902b_2707ee8b9c74,Position_Sensor,BTS_B Cooling Valve 006,nan,Site_Baa.zip,Site_Baa/55.pickle,143618.0,2021-01-01T00:03:15.433000+00:00,2023-12-31T23:52:04.461000+00:00,train_point_disambiguation_00049;train_window_pairwise_compare_00049
BTS_B,4bbc2b2b_0c0d_4312_bf7d_a81a3bc85a62,Position_Sensor,BTS_B Heating Valve 010,nan,Site_Baa.zip,Site_Baa/457.pickle,144475.0,2021-01-01T00:03:12.338000+00:00,2023-12-31T23:51:59.709000+00:00,train_point_disambiguation_00050
BTS_B,4c8df37a_3677_4c84_b346_0b6979ccbf06,Air_Temperature_Sensor,BTS_B Fan Coil Unit 011,BTS_B Conference Room 004,Site_Baa.zip,Site_Baa/16.pickle,143643.0,2021-01-01T00:03:14.859000+00:00,2023-12-31T23:52:03.457000+00:00,train_point_disambiguation_00032
BTS_B,4e60c456_42a7_4bc9_9fa4_d36f23f46c64,Air_Temperature_Sensor,BTS_B Space 001,nan,Site_Baa.zip,Site_Baa/263.pickle,144122.0,2021-01-01T00:03:13.693000+00:00,2023-12-31T23:52:01.737000+00:00,dev_point_disambiguation_00034;train_quality_gate_00034
BTS_B,52d88b28_8a0e_409d_a08d_06f5e062e451,Differential_Pressure_Setpoint,BTS_B Filter 007,nan,Site_Baa.zip,Site_Baa/211.pickle,144712.0,2021-01-01T00:03:11.848000+00:00,2023-12-31T23:51:59.020000+00:00,train_timestamp_nearest_lookup_00033;train_timestamp_value_lookup_00033
BTS_B,53fe9aa9_551e_4394_96ca_30bbd99055ae,Filter_Differential_Pressure_Sensor,BTS_B Filter 004,nan,Site_Baa.zip,Site_Baa/366.pickle,145243.0,2021-01-01T00:03:10.224000+00:00,2023-12-31T23:51:56.486000+00:00,train_timestamp_nearest_lookup_00044;train_timestamp_value_lookup_00044;train_window_pairwise_compare_00005
BTS_A,54860e5d_c4fb_4e1e_a3c5_bd556364c99a,Frequency_Sensor,BTS_A Exhaust Fan 012,nan,Site_Aaa.zip,Site_Aaa/3213.pickle,153962.0,2021-01-01T00:00:16.723000+00:00,2023-12-31T23:58:12.308000+00:00,train_window_pairwise_compare_00059;train_window_pairwise_compare_00060
BTS_B,54d670e8_000e_42f6_a8c4_f22f20e298e3,Cooling_Temperature_Setpoint,BTS_B Air Handler Unit 001,BTS_B Building 001,Site_Baa.zip,Site_Baa/330.pickle,145233.0,2021-01-01T00:03:09.319000+00:00,2023-12-31T23:51:55.016000+00:00,dev_timestamp_nearest_lookup_00022;dev_timestamp_value_lookup_00022
BTS_B,560c54ec_2da0_4064_bffe_feaa922490b6,Min_Temperature_Setpoint_Limit,BTS_B Fan Coil Unit 004,BTS_B Conference Room 003,Site_Baa.zip,Site_Baa/50.pickle,143611.0,2021-01-01T00:03:15.344000+00:00,2023-12-31T23:52:04.321000+00:00,dev_window_rank_00028;train_window_rank_00031
BTS_B,5b1bfac5_c924_4e0b_ba79_7d3b6e7c4a05,Air_Temperature_Sensor,BTS_B Fan Coil Unit 006,BTS_B Conference Room 009,Site_Baa.zip,Site_Baa/490.pickle,144387.0,2021-01-01T00:03:12.793000+00:00,2023-12-31T23:52:00.393000+00:00,dev_point_disambiguation_00036
BTS_C,5bec7ac0_dfa9_4f75_b6d3_acece0a5537b,Air_Flow_Sensor,BTS_C Vav 044,nan,Site_Caa.zip,Site_Caa/2991.pickle,178452.0,2020-05-22T00:23:18.563000+00:00,2024-01-18T03:31:28.853000+00:00,test_timestamp_value_lookup_00056
BTS_B,5c754743_a7ef_4397_9daf_17a57cad9d20,Position_Sensor,BTS_B Cooling Valve 017,nan,Site_Baa.zip,Site_Baa/208.pickle,144655.0,2021-01-01T00:03:11.813000+00:00,2023-12-31T23:51:58.967000+00:00,train_point_disambiguation_00051
BTS_B,5df63319_c6ce_4a51_b145_09841a4fe6e2,Position_Sensor,BTS_B Cooling Valve 002,nan,Site_Baa.zip,Site_Baa/566.pickle,143262.0,2021-01-01T00:03:17.378000+00:00,2023-12-31T23:52:07.443000+00:00,train_point_disambiguation_00052
BTS_B,5e89fa22_7eef_4781_b287_3593a241a8f6,Min_Temperature_Setpoint_Limit,BTS_B Fan Coil Unit 012,BTS_B Conference Room 007,Site_Baa.zip,Site_Baa/160.pickle,143292.0,2021-01-01T00:03:16.952000+00:00,2023-12-31T23:52:06.800000+00:00,dev_window_rank_00014;dev_window_rank_00028;train_window_rank_00008;train_window_rank_00017;train_window_rank_00023;train_window_rank_00026;train_window_rank_00031;train_window_rank_00039
BTS_C,5ed54482_c116_49a0_aa10_fd2bd73ec4ca,Air_Differential_Pressure_Setpoint,BTS_C Zone 005,nan,Site_Caa.zip,Site_Caa/1766.pickle,175329.0,2020-05-22T00:17:44.214000+00:00,2024-01-18T10:11:25.014000+00:00,test_quality_gate_00059;test_timestamp_nearest_lookup_00052;test_timestamp_value_lookup_00052
BTS_C,607c2d5d_c55e_4169_a26b_63f1984598c2,Run_Time_Sensor,BTS_C Terminal Unit 009,nan,Site_Caa.zip,Site_Caa/64.pickle,174916.0,2020-05-22T00:33:31.397000+00:00,2024-01-18T03:51:37.148000+00:00,test_window_pairwise_compare_00015;test_window_pairwise_compare_00019;test_window_pairwise_compare_00044;test_window_pairwise_compare_00046;test_window_pairwise_compare_00050;test_window_pairwise_compare_00051
BTS_B,60f9369f_b7bb_4d03_9b8a_32d06a9826e0,Average_Zone_Air_Temperature_Sensor,BTS_B Hvac Zone 005,nan,Site_Baa.zip,Site_Baa/277.pickle,144083.0,2021-01-01T00:03:13.884000+00:00,2023-12-31T23:52:02.024000+00:00,train_timestamp_nearest_lookup_00014;train_timestamp_value_lookup_00014
BTS_B,6655c63b_1a57_4fe9_a2a7_8331873624ec,Min_Temperature_Setpoint_Limit,BTS_B Fan Coil Unit 006,BTS_B Conference Room 009,Site_Baa.zip,Site_Baa/475.pickle,144479.0,2021-01-01T00:03:12.598000+00:00,2023-12-31T23:52:00.087000+00:00,dev_window_rank_00014;dev_window_rank_00044;train_window_rank_00002;train_window_rank_00008;train_window_rank_00011;train_window_rank_00017;train_window_rank_00020;train_window_rank_00023;train_window_rank_00026;train_window_rank_00042
BTS_B,69d202a0_e748_4bf7_ae0a_6c52d3339b2d,Position_Sensor,BTS_B Cooling Valve 005,nan,Site_Baa.zip,Site_Baa/278.pickle,143795.0,2021-01-01T00:03:13.896000+00:00,2023-12-31T23:52:02.042000+00:00,train_point_disambiguation_00053;train_window_pairwise_compare_00048
BTS_B,6ac095ab_36fc_40ea_8d9e_927fc1db6767,Position_Sensor,BTS_B Heating Valve 005,nan,Site_Baa.zip,Site_Baa/57.pickle,143471.0,2021-01-01T00:03:15.457000+00:00,2023-12-31T23:52:04.500000+00:00,train_point_disambiguation_00054
BTS_C,6b843e55_cf52_4a8c_ace4_a04099f51f41,Position_Sensor,BTS_C Exhaust Fan 104,BTS_C Location 043,Site_Caa.zip,Site_Caa/4966.pickle,172311.0,2020-05-31T14:27:32.385000+00:00,2024-01-18T01:51:41.292000+00:00,test_window_rank_00003;test_window_rank_00018;test_window_rank_00021;test_window_rank_00024
BTS_B,6c9214a5_cec9_4f6a_b787_58620ae90aa0,Discharge_Water_Temperature_Sensor,BTS_B Chilled Water System 001,BTS_B Building 001,Site_Baa.zip,Site_Baa/424.pickle,144992.0,2021-01-01T00:03:11.052000+00:00,2023-12-31T23:51:57.918000+00:00,train_timestamp_nearest_lookup_00040;train_timestamp_value_lookup_00040
BTS_B,75e21308_99b7_48d0_83c3_a1753f5d982f,Min_Temperature_Setpoint_Limit,BTS_B Fan Coil Unit 004,BTS_B Conference Room 003,Site_Baa.zip,Site_Baa/49.pickle,143578.0,2021-01-01T00:03:15.333000+00:00,2023-12-31T23:52:04.303000+00:00,train_window_rank_00011
BTS_B,77bc70e6_7b0c_4c69_ae68_f1095f56f175,Differential_Pressure_Setpoint,BTS_B Filter 001,nan,Site_Baa.zip,Site_Baa/483.pickle,144379.0,2021-01-01T00:03:12.714000+00:00,2023-12-31T23:52:00.262000+00:00,train_timestamp_nearest_lookup_00034;train_timestamp_value_lookup_00034
BTS_B,77f66bf3_4b12_4406_a921_bc7adf8098d0,Position_Sensor,BTS_B Heating Valve 014,nan,Site_Baa.zip,Site_Baa/101.pickle,143324.0,2021-01-01T00:03:16.133000+00:00,2023-12-31T23:52:05.515000+00:00,train_window_pairwise_compare_00054;train_window_pairwise_compare_00057
BTS_B,78078042_e16e_425b_9ec8_605aa149274e,Damper_Position_Sensor,BTS_B Return Damper 001,nan,Site_Baa.zip,Site_Baa/379.pickle,144954.0,2021-01-01T00:03:10.523000+00:00,2023-12-31T23:51:56.981000+00:00,train_timestamp_nearest_lookup_00027;train_timestamp_value_lookup_00027
BTS_B,7a2ff512_fcd4_41eb_9299_379824d3347f,Max_Temperature_Setpoint_Limit,BTS_B Fan Coil Unit 012,BTS_B Conference Room 007,Site_Baa.zip,Site_Baa/161.pickle,143286.0,2021-01-01T00:03:16.963000+00:00,2023-12-31T23:52:06.817000+00:00,dev_window_rank_00038;train_window_rank_00034;train_window_rank_00037
BTS_C,7a85626b_0765_4659_9151_44113cb318ba,Air_Flow_Sensor,BTS_C Exhaust Fan 068,BTS_C Location 048,Site_Caa.zip,Site_Caa/1413.pickle,173649.0,2020-05-30T00:43:21.723000+00:00,2024-01-18T00:41:24.838000+00:00,test_window_rank_00032
BTS_B,7baae988_b38f_4f0a_a79c_e91d928f4311,Air_Temperature_Sensor,BTS_B Enclosed Space 003,nan,Site_Baa.zip,Site_Baa/303.pickle,143835.0,2021-01-01T00:03:14.191000+00:00,2023-12-31T23:52:02.492000+00:00,train_quality_gate_00036
BTS_C,7e710fb0_6160_4762_8ec9_3ac89d919bc1,Frequency_Sensor,BTS_C Electrical Meter 036,nan,Site_Caa.zip,Site_Caa/1371.pickle,333495.0,2020-11-17T11:00:37.915000+00:00,2024-01-18T16:41:13.275000+00:00,test_window_pairwise_compare_00053
BTS_B,7f269e8d_b754_4484_ad1d_78d7abdd9dbe,Air_Temperature_Sensor,BTS_B Conference Room 009,nan,Site_Baa.zip,Site_Baa/467.pickle,144498.0,2021-01-01T00:03:12.471000+00:00,2023-12-31T23:51:59.910000+00:00,train_quality_gate_00037
BTS_B,81a3d707_cb1e_4ce3_a127_afcb0755a366,Min_Temperature_Setpoint_Limit,BTS_B Fan Coil Unit 002,BTS_B Conference Room 010,Site_Baa.zip,Site_Baa/447.pickle,144537.0,2021-01-01T00:03:12.195000+00:00,2023-12-31T23:51:59.507000+00:00,train_window_rank_00002
BTS_B,81d76fb3_6646_4347_8dad_9900327cefd6,Discharge_Air_Temperature_Sensor,BTS_B Fan Coil Unit 002,BTS_B Conference Room 010,Site_Baa.zip,Site_Baa/465.pickle,144432.0,2021-01-01T00:03:12.449000+00:00,2023-12-31T23:51:59.874000+00:00,train_timestamp_nearest_lookup_00039;train_timestamp_value_lookup_00039
BTS_A,8ac5e5c3_e87e_4861_aa64_d3a9fddc1dd7,Voltage_Sensor,BTS_A Equipment 001,BTS_A Floor 010,Site_Aaa.zip,Site_Aaa/2673.pickle,153839.0,2021-01-01T00:01:32.475000+00:00,2023-12-31T23:59:12.801000+00:00,dev_window_rank_00049;train_window_rank_00043;train_window_rank_00045;train_window_rank_00051;train_window_rank_00053;train_window_rank_00055
BTS_B,8c653335_24b7_491c_a3d2_ca7961175f36,Filter_Differential_Pressure_Sensor,BTS_B Filter 005,nan,Site_Baa.zip,Site_Baa/322.pickle,145478.0,2021-01-01T00:03:09.111000+00:00,2023-12-31T23:51:54.677000+00:00,dev_window_pairwise_compare_00021;dev_window_pairwise_compare_00027;dev_window_pairwise_compare_00032;train_window_pairwise_compare_00008;train_window_pairwise_compare_00010;train_window_pairwise_compare_00013;train_window_pairwise_compare_00014;train_window_pairwise_compare_00017;train_window_pairwise_compare_00029;train_window_pairwise_compare_00036;train_window_pairwise_compare_00040;train_window_pairwise_compare_00041;train_window_pairwise_compare_00043
BTS_B,91b9dd7b_7f1d_4bb3_a152_c8391a4398b6,Differential_Pressure_Setpoint,BTS_B Filter 002,nan,Site_Baa.zip,Site_Baa/511.pickle,144257.0,2021-01-01T00:03:13.100000+00:00,2023-12-31T23:52:00.827000+00:00,train_timestamp_nearest_lookup_00035;train_timestamp_value_lookup_00035
BTS_B,9345a858_35a1_4713_bad4_16002b08ece2,Filter_Differential_Pressure_Sensor,BTS_B Filter 006,nan,Site_Baa.zip,Site_Baa/282.pickle,143978.0,2021-01-01T00:03:13.942000+00:00,2023-12-31T23:52:02.113000+00:00,train_window_pairwise_compare_00002;train_window_pairwise_compare_00018
BTS_A,9c0c520f_4e01_4b70_b935_ecea9681a620,Usage_Sensor,BTS_A Gas Meter 001,nan,Site_Aaa.zip,Site_Aaa/2828.pickle,153818.0,2021-01-01T00:01:30.203000+00:00,2023-12-31T23:59:10.864000+00:00,dev_window_pairwise_compare_00007;dev_window_pairwise_compare_00016;dev_window_pairwise_compare_00024;dev_window_pairwise_compare_00030;dev_window_pairwise_compare_00035;dev_window_pairwise_compare_00038;train_window_pairwise_compare_00001;train_window_pairwise_compare_00004;train_window_pairwise_compare_00009;train_window_pairwise_compare_00011;train_window_pairwise_compare_00020;train_window_pairwise_compare_00022;train_window_pairwise_compare_00023;train_window_pairwise_compare_00025;train_window_pairwise_compare_00026;train_window_pairwise_compare_00028;train_window_pairwise_compare_00031;train_window_pairwise_compare_00033;train_window_pairwise_compare_00034;train_window_pairwise_compare_00037;train_window_pairwise_compare_00039
BTS_B,9ea81184_4e1b_4390_afae_65e0c05b4a15,Cooling_Demand_Setpoint,BTS_B Chilled Water System 001,BTS_B Building 001,Site_Baa.zip,Site_Baa/421.pickle,145072.0,2021-01-01T00:03:11.018000+00:00,2023-12-31T23:51:57.862000+00:00,train_timestamp_nearest_lookup_00016;train_timestamp_value_lookup_00016
BTS_C,a2a158b6_0e5f_4066_a7b4_e66c19996cf4,Position_Sensor,BTS_C Exhaust Fan 002,BTS_C Location 011,Site_Caa.zip,Site_Caa/2646.pickle,172294.0,2020-05-31T06:21:52.994000+00:00,2024-01-18T04:11:35.174000+00:00,test_window_rank_00015;test_window_rank_00021;test_window_rank_00024
BTS_A,a329b478_0d58_438b_b91b_e6b1c83db68f,Air_Flow_Sensor,BTS_A Fume Hood 009,BTS_A Room 253,Site_Aaa.zip,Site_Aaa/5751.pickle,153875.0,2021-01-01T00:01:16.291000+00:00,2023-12-31T23:58:57.023000+00:00,train_window_rank_00016
BTS_B,ac8c92ee_96bb_4354_bab7_205cf8973292,Position_Sensor,BTS_B Heating Valve 002,nan,Site_Baa.zip,Site_Baa/123.pickle,143257.0,2021-01-01T00:03:16.433000+00:00,2023-12-31T23:52:05.992000+00:00,train_window_pairwise_compare_00055;train_window_pairwise_compare_00056
BTS_C,b1dc04d0_e925_4783_a1ba_9ca43fbdeb98,Frequency_Sensor,BTS_C Electrical Meter 025,nan,Site_Caa.zip,Site_Caa/1167.pickle,330255.0,2020-11-18T23:48:42.028000+00:00,2024-01-18T17:31:44.178000+00:00,test_window_pairwise_compare_00053
BTS_B,b81f4b1a_cdb0_471e_b197_8dc4d39e5f13,Min_Temperature_Setpoint_Limit,BTS_B Fan Coil Unit 005,BTS_B Conference Room 011,Site_Baa.zip,Site_Baa/503.pickle,144281.0,2021-01-01T00:03:12.986000+00:00,2023-12-31T23:52:00.656000+00:00,train_window_rank_00039;train_window_rank_00042
BTS_A,b923ce18_2334_4f70_b41f_873db1367047,Frequency_Sensor,BTS_A Electrical Meter 010,nan,Site_Aaa.zip,Site_Aaa/8131.pickle,146538.0,2021-01-01T00:03:28.678000+00:00,2023-12-31T23:50:40.569000+00:00,train_window_pairwise_compare_00058;train_window_pairwise_compare_00059;train_window_pairwise_compare_00060
BTS_B,bea83970_cc30_4168_b7e0_3dc165043cbc,Max_Temperature_Setpoint_Limit,BTS_B Fan Coil Unit 004,BTS_B Conference Room 003,Site_Baa.zip,Site_Baa/51.pickle,143549.0,2021-01-01T00:03:15.356000+00:00,2023-12-31T23:52:04.339000+00:00,train_window_rank_00005
BTS_A,bfe71ed2_6412_41ae_8c98_5cc306ffea17,Voltage_Sensor,BTS_A Equipment 001,BTS_A Floor 010,Site_Aaa.zip,Site_Aaa/7541.pickle,153830.0,2021-01-01T00:01:32.270000+00:00,2023-12-31T23:59:12.600000+00:00,dev_window_rank_00049;train_window_rank_00041;train_window_rank_00043;train_window_rank_00047;train_window_rank_00051;train_window_rank_00053;train_window_rank_00055;train_window_rank_00057;train_window_rank_00060
BTS_C,c098c1a9_453b_4efa_9cee_467fe873a7bf,Position_Sensor,BTS_C Exhaust Fan 110,BTS_C Location 007,Site_Caa.zip,Site_Caa/2366.pickle,172118.0,2020-05-31T08:43:03.109000+00:00,2024-01-18T04:11:35.507000+00:00,test_window_rank_00006;test_window_rank_00012
BTS_C,c24589e8_a1f3_4529_b409_5a56761c9d20,Air_Differential_Pressure_Sensor,BTS_C Zone 005,nan,Site_Caa.zip,Site_Caa/2254.pickle,194563.0,2020-05-22T00:17:44.162000+00:00,2024-01-18T10:11:25.003000+00:00,test_quality_gate_00051;test_quality_gate_00052;test_quality_gate_00053;test_quality_gate_00054;test_quality_gate_00055;test_quality_gate_00056;test_quality_gate_00057;test_quality_gate_00058;test_timestamp_nearest_lookup_00051;test_timestamp_value_lookup_00051
BTS_B,c3990511_0d2c_499d_b939_dea88e81eb8e,Filter_Differential_Pressure_Sensor,BTS_B Filter 003,nan,Site_Baa.zip,Site_Baa/247.pickle,144248.0,2021-01-01T00:03:13.497000+00:00,2023-12-31T23:52:01.435000+00:00,dev_window_pairwise_compare_00012
BTS_B,cab929ab_c3b3_4ac0_bc80_9ff4704c3ff0,Max_Temperature_Setpoint_Limit,BTS_B Fan Coil Unit 009,BTS_B Conference Room 005,Site_Baa.zip,Site_Baa/139.pickle,143336.0,2021-01-01T00:03:16.639000+00:00,2023-12-31T23:52:06.317000+00:00,train_window_rank_00034;train_window_rank_00037
BTS_C,d023e796_0cca_4871_bdd7_41e3ea9afab7,Run_Time_Sensor,BTS_C Terminal Unit 001,nan,Site_Caa.zip,Site_Caa/367.pickle,146824.0,2021-01-01T00:08:06.137000+00:00,2023-12-31T23:52:27.255000+00:00,test_window_pairwise_compare_00003;test_window_pairwise_compare_00006
BTS_B,d3337246_6084_4add_b40c_ae718e49929d,Damper_Position_Sensor,BTS_B Return Damper 007,nan,Site_Baa.zip,Site_Baa/334.pickle,145120.0,2021-01-01T00:03:09.408000+00:00,2023-12-31T23:51:55.160000+00:00,dev_timestamp_nearest_lookup_00028;dev_timestamp_value_lookup_00028
BTS_B,d53fd751_a856_4e37_9c8a_7dfed4a2665c,Min_Temperature_Setpoint_Limit,BTS_B Air Handler Unit 001,BTS_B Building 001,Site_Baa.zip,Site_Baa/312.pickle,145394.0,2021-01-01T00:03:08.839000+00:00,2023-12-31T23:51:54.046000+00:00,train_window_rank_00059
BTS_C,d7c18734_1124_4c9a_b72d_fdcc916d0263,Air_Temperature_Setpoint,BTS_C Hallway 002,nan,Site_Caa.zip,Site_Caa/194.pickle,173105.0,2020-05-29T20:59:10.042000+00:00,2024-01-18T03:41:32.829000+00:00,test_timestamp_nearest_lookup_00056;test_timestamp_value_lookup_00058
BTS_A,e2c53f81_9105_4a24_ab76_539d10c9a2c2,Usage_Sensor,BTS_A Equipment 004,BTS_A Building 001,Site_Aaa.zip,Site_Aaa/3080.pickle,153842.0,2021-01-01T00:01:30.360000+00:00,2023-12-31T23:59:10.999000+00:00,train_window_pairwise_compare_00042
BTS_B,e5cac543_ce56_46b7_96ed_0a2fa04edab9,Min_Temperature_Setpoint_Limit,BTS_B Fan Coil Unit 009,BTS_B Conference Room 005,Site_Baa.zip,Site_Baa/138.pickle,143344.0,2021-01-01T00:03:16.628000+00:00,2023-12-31T23:52:06.299000+00:00,dev_window_rank_00044
BTS_B,e8ffc7ba_d2dc_4bff_a068_6317ae240d85,Filter_Differential_Pressure_Sensor,BTS_B Cooling Valve 015,nan,Site_Baa.zip,Site_Baa/512.pickle,144325.0,2021-01-01T00:03:13.111000+00:00,2023-12-31T23:52:00.846000+00:00,train_window_pairwise_compare_00014;train_window_pairwise_compare_00017
BTS_C,ebdaaddd_9e13_4c45_878c_d3d39c38a69e,Air_Flow_Sensor,BTS_C Exhaust Fan 067,BTS_C Location 048,Site_Caa.zip,Site_Caa/449.pickle,173635.0,2020-05-29T23:48:20.593000+00:00,2024-01-18T00:51:21.598000+00:00,test_window_rank_00032
BTS_A,f0f56af0_fb19_47f9_858f_9f05391b7cb2,Usage_Sensor,BTS_A Gas Meter 002,BTS_A Building 001,Site_Aaa.zip,Site_Aaa/7002.pickle,153842.0,2021-01-01T00:01:30.384000+00:00,2023-12-31T23:59:11.020000+00:00,dev_window_pairwise_compare_00007;dev_window_pairwise_compare_00016;dev_window_pairwise_compare_00024;dev_window_pairwise_compare_00030;dev_window_pairwise_compare_00035;dev_window_pairwise_compare_00038;train_window_pairwise_compare_00001;train_window_pairwise_compare_00004;train_window_pairwise_compare_00009;train_window_pairwise_compare_00011;train_window_pairwise_compare_00020;train_window_pairwise_compare_00022;train_window_pairwise_compare_00023;train_window_pairwise_compare_00025;train_window_pairwise_compare_00026;train_window_pairwise_compare_00028;train_window_pairwise_compare_00031;train_window_pairwise_compare_00033;train_window_pairwise_compare_00034;train_window_pairwise_compare_00037;train_window_pairwise_compare_00039;train_window_pairwise_compare_00042
BTS_C,f76cfcce_7e5e_4ed6_8688_a8a2df6ac604,Run_Time_Sensor,BTS_C Floor 008,nan,Site_Caa.zip,Site_Caa/5215.pickle,167414.0,2020-06-01T13:33:07.411000+00:00,2024-01-18T10:11:23.380000+00:00,test_window_pairwise_compare_00003;test_window_pairwise_compare_00015;test_window_pairwise_compare_00044;test_window_pairwise_compare_00050
BTS_B,fa2cd128_5171_40b3_908c_9612c24382db,Min_Temperature_Setpoint_Limit,BTS_B Fan Coil Unit 003,BTS_B Conference Room 001,Site_Baa.zip,Site_Baa/72.pickle,143536.0,2021-01-01T00:03:15.661000+00:00,2023-12-31T23:52:04.824000+00:00,train_window_rank_00029
